pH_R,pH_G,pH_B,glucose_R,glucose_G,glucose_B,lactate_R,lactate_G,lactate_B,uric_R,uric_G,uric_B,toxicity
95,159,111,47,207,87,66,188,97,171,83,105,Medium
242,12,70,138,116,122,62,192,95,203,51,90,High
186,68,98,222,32,80,231,23,75,63,191,96,High
152,102,115,186,68,98,63,191,95,159,95,112,High
39,215,83,205,49,88,69,185,98,145,109,118,High
39,215,83,167,87,107,193,61,94,212,42,85,High
14,240,71,176,78,103,114,140,121,231,23,76,High
220,34,81,216,38,83,198,56,92,3,251,65,High
153,101,115,63,191,95,16,238,72,171,83,105,Medium
180,74,101,124,130,126,124,130,126,13,241,70,High
5,249,66,56,198,92,8,246,68,139,115,121,Medium
247,7,67,251,3,65,15,239,72,73,181,100,High
212,42,85,240,14,71,231,23,75,78,176,103,High
54,200,91,10,244,69,35,219,81,90,164,109,Medium
46,208,87,179,75,101,135,119,123,158,96,112,High
46,208,87,235,19,73,104,150,116,85,169,106,High
77,177,102,46,208,87,88,166,108,186,68,98,High
133,121,124,144,110,119,229,25,76,103,151,115,High
110,144,119,233,21,74,5,249,66,17,237,72,Medium
74,180,101,8,246,68,169,85,107,199,55,91,High
156,98,113,177,77,102,245,9,68,72,182,100,High
35,219,81,75,179,102,142,112,120,110,144,119,High
74,180,101,235,19,73,238,16,72,174,80,104,High
93,161,110,247,7,67,13,241,70,84,170,106,High
116,138,122,240,14,71,106,148,117,14,240,71,High
200,54,91,120,134,124,66,188,97,95,159,111,Medium
50,204,89,219,35,81,186,68,98,240,14,71,High
131,123,126,215,39,83,250,4,66,163,91,109,High
151,103,116,81,173,104,65,189,96,171,83,106,Medium
11,243,69,211,43,85,166,88,108,161,93,111,High
154,100,114,9,245,68,50,204,89,50,204,89,Low
43,211,85,152,102,115,144,110,119,106,148,117,High
16,238,72,58,196,93,118,136,123,191,63,95,High
241,13,70,30,224,79,247,7,67,25,229,76,High
246,8,68,19,235,73,155,99,114,70,184,99,High
206,48,88,177,77,102,89,165,108,70,184,99,High
77,177,102,86,168,107,29,225,78,110,144,119,Medium
24,230,76,184,70,99,38,216,83,249,5,66,High
174,80,104,16,238,72,57,197,92,17,237,72,Low
112,142,120,80,174,104,63,191,96,132,122,125,Medium
31,223,79,137,117,122,216,38,83,45,209,86,High
126,128,127,201,53,90,143,111,120,247,7,67,High
8,246,68,81,173,104,133,121,125,28,226,78,High
231,23,75,159,95,111,29,225,78,102,152,115,Medium
65,189,97,225,29,78,219,35,81,188,66,97,High
168,86,107,157,97,113,184,70,99,179,75,101,High
79,175,103,59,195,93,17,237,72,107,147,118,Medium
132,122,125,6,248,67,180,74,101,88,166,108,High
139,115,122,221,33,80,138,116,122,101,153,114,High
47,207,87,5,249,66,20,234,74,67,187,97,Medium
247,7,67,223,31,80,116,138,122,52,202,90,High
197,57,92,134,120,124,123,131,126,123,131,125,High
239,15,71,239,15,71,42,212,85,68,186,98,High
228,26,77,203,51,89,241,13,70,73,181,100,High
152,102,115,254,0,64,216,38,83,167,87,107,High
235,19,74,89,165,108,170,84,106,246,8,68,High
22,232,75,195,59,93,117,137,123,153,101,114,High
49,205,89,102,152,115,105,149,116,19,235,73,High
11,243,69,122,132,125,165,89,108,19,235,73,High
82,172,105,160,94,111,139,115,122,242,12,70,High
99,155,113,222,32,80,15,239,71,75,179,102,Medium
69,185,98,250,4,66,130,124,126,23,231,75,High
211,43,85,195,59,93,205,49,88,152,102,115,High
90,164,109,106,148,117,117,137,122,159,95,112,High
71,183,99,107,147,117,13,241,70,165,89,108,Medium
138,116,122,188,66,97,200,54,91,68,186,98,High
35,219,82,60,194,94,51,203,89,3,251,65,Medium
204,50,89,28,226,78,65,189,97,246,8,68,Medium
19,235,73,90,164,109,42,212,85,63,191,96,Medium
251,3,65,73,181,100,84,170,106,172,82,105,High
196,58,93,75,179,101,192,62,95,180,74,101,High
50,204,89,59,195,93,132,122,125,155,99,113,High
1,253,64,10,244,69,52,202,90,79,175,104,Medium
207,47,87,4,250,66,223,31,79,69,185,98,High
180,74,101,251,3,65,224,30,79,152,102,115,High
185,69,98,109,145,118,221,33,80,220,34,81,High
196,58,93,98,156,113,60,194,94,241,13,70,High
18,236,73,173,81,105,115,139,121,27,227,77,High
91,163,109,55,199,91,251,3,65,39,215,83,High
29,225,78,242,12,70,196,58,93,240,14,71,High
220,34,81,200,54,91,6,248,67,187,67,97,High
158,96,112,22,232,75,16,238,72,225,29,78,Medium
84,170,106,106,148,117,118,136,123,51,203,89,High
16,238,72,224,30,79,231,23,75,149,105,116,High
79,175,103,240,14,71,137,117,123,178,76,102,High
82,172,105,119,135,123,126,128,127,173,81,104,High
186,68,98,156,98,113,26,228,77,104,150,116,Medium
162,92,110,42,212,85,167,87,107,3,251,65,Medium
226,28,78,252,2,65,209,45,86,148,106,117,High
120,134,124,59,195,93,97,157,112,64,190,96,Medium
30,224,79,240,14,71,197,57,92,114,140,121,High
181,73,100,165,89,108,245,9,68,244,10,69,High
194,60,94,154,100,114,51,203,90,101,153,115,Medium
143,111,120,130,124,126,133,121,125,214,40,84,High
196,58,93,58,196,93,73,181,100,48,206,88,Medium
125,129,127,45,209,86,202,52,90,171,83,105,High
133,121,125,56,198,92,147,107,118,249,5,66,High
109,145,118,47,207,87,161,93,110,25,229,77,High
6,248,67,198,56,92,203,51,89,2,252,65,High
27,227,77,89,165,108,100,154,114,110,144,119,High
8,246,68,14,240,71,233,21,74,23,231,75,High
162,92,110,247,7,67,135,119,123,190,64,96,High
80,174,104,225,29,78,40,214,84,233,21,74,High
129,125,126,236,18,73,177,77,102,110,144,119,High
231,23,75,253,1,64,202,52,90,65,189,97,High
63,191,95,44,210,86,80,174,104,110,144,119,Medium
104,150,116,101,153,114,218,36,82,184,70,99,High
192,62,95,193,61,94,231,23,76,2,252,65,High
58,196,93,177,77,102,70,184,99,150,104,116,High
19,235,73,39,215,83,250,4,66,156,98,113,High
73,181,101,208,46,87,35,219,82,162,92,110,High
41,213,84,57,197,92,51,203,89,61,193,94,Medium
237,17,72,57,197,92,46,208,87,182,72,100,Medium
206,48,88,136,118,123,227,27,77,23,231,75,High
161,93,110,151,103,116,166,88,108,50,204,89,High
222,32,80,147,107,117,38,216,83,223,31,79,High
204,50,89,23,231,75,112,142,120,188,66,97,High
47,207,87,223,31,79,156,98,113,3,251,65,High
227,27,77,67,187,97,21,233,74,63,191,95,Medium
137,117,122,33,221,80,225,29,79,54,200,91,High
205,49,88,226,28,78,204,50,89,69,185,98,High
228,26,77,243,11,69,128,126,127,63,191,95,High
81,173,104,219,35,81,246,8,68,15,239,72,High
28,226,78,206,48,88,106,148,117,117,137,122,High
58,196,93,167,87,108,250,4,66,186,68,98,High
108,146,118,140,114,121,170,84,106,154,100,114,High
208,46,87,22,232,75,161,93,110,171,83,105,High
219,35,81,104,150,116,42,212,85,20,234,74,Medium
1,253,64,95,159,111,224,30,79,242,12,70,High
130,124,126,66,188,97,109,145,118,213,41,84,High
106,148,117,184,70,99,41,213,84,205,49,88,High
56,198,92,126,128,127,3,251,65,209,45,86,Medium
30,224,79,20,234,74,142,112,120,237,17,72,High
86,168,107,56,198,92,134,120,124,138,116,122,High
240,14,71,174,80,104,183,71,99,51,203,89,High
82,172,105,19,235,73,227,27,78,157,97,113,High
132,122,125,217,37,83,20,234,74,189,65,96,High
179,75,102,126,128,127,186,68,98,188,66,97,High
92,162,110,122,132,125,47,207,87,132,122,125,Medium
247,7,67,151,103,116,218,36,82,17,237,72,High
245,9,68,210,44,86,208,46,87,94,160,111,High
64,190,96,88,166,108,137,117,122,234,20,74,High
126,128,127,172,82,105,181,73,101,149,105,117,High
76,178,102,144,110,119,80,174,104,137,117,123,High
72,182,100,68,186,98,120,134,124,68,186,98,High
9,245,68,224,30,79,209,45,86,93,161,111,High
155,99,113,203,51,89,117,137,122,228,26,77,High
128,126,127,167,87,107,91,163,109,169,85,106,High
13,241,70,216,38,83,126,128,127,200,54,91,High
71,183,99,221,33,80,211,43,85,115,139,122,High
231,23,75,180,74,101,85,169,106,160,94,111,High
61,193,94,213,41,84,44,210,86,63,191,95,High
36,218,82,177,77,102,181,73,100,179,75,101,High
124,130,126,173,81,104,210,44,86,109,145,118,High
251,3,65,157,97,112,25,229,76,112,142,120,Medium
61,193,94,191,63,95,61,193,94,165,89,108,High
171,83,105,40,214,84,36,218,82,238,16,72,Medium
194,60,94,224,30,79,88,166,108,16,238,72,High
60,194,94,222,32,80,114,140,121,210,44,86,High
185,69,98,7,247,67,190,64,96,74,180,101,High
93,161,111,210,44,86,166,88,108,113,141,120,High
161,93,111,32,222,80,158,96,112,5,249,66,Medium
161,93,110,85,169,106,89,165,109,76,178,102,Medium
136,118,123,189,65,96,214,40,84,128,126,127,High
23,231,75,40,214,84,120,134,124,14,240,71,High
213,41,85,208,46,87,249,5,66,125,129,126,High
81,173,105,212,42,85,161,93,110,236,18,73,High
47,207,87,129,125,127,32,222,80,26,228,77,Medium
10,244,69,1,253,64,172,82,105,194,60,94,High
150,104,116,73,181,100,82,172,105,104,150,116,Medium
172,82,105,157,97,113,175,79,104,167,87,108,High
4,250,66,250,4,66,17,237,72,66,188,97,High
130,124,126,161,93,111,44,210,86,40,214,84,Medium
57,197,92,66,188,97,218,36,82,40,214,84,High
164,90,109,161,93,110,57,197,93,17,237,73,Medium
44,210,86,137,117,122,213,41,84,47,207,87,High
176,78,103,198,56,92,71,183,99,169,85,106,High
98,156,113,27,227,77,163,91,109,224,30,79,High
238,16,72,194,60,94,177,77,103,207,47,87,High
35,219,81,138,116,122,130,124,126,174,80,104,High
86,168,107,245,9,68,77,177,103,28,226,78,High
28,226,78,87,167,107,54,200,91,73,181,101,Medium
235,19,73,161,93,111,8,246,68,79,175,103,Medium
223,31,79,237,17,72,77,177,102,63,191,95,High
65,189,97,26,228,77,166,88,108,131,123,126,High
168,86,107,238,16,72,239,15,71,136,118,123,High
208,46,87,175,79,103,222,32,80,91,163,109,High
141,113,120,17,237,72,195,59,93,90,164,109,High
135,119,124,76,178,102,201,53,91,211,43,85,High
61,193,94,180,74,101,169,85,106,201,53,90,High
23,231,75,17,237,72,66,188,97,78,176,103,Medium
228,26,77,148,106,117,231,23,75,233,21,75,High
229,25,76,88,166,108,171,83,106,242,12,70,High
161,93,110,158,96,112,142,112,120,83,171,105,High
86,168,107,11,243,69,28,226,78,90,164,109,Medium
89,165,108,222,32,80,113,141,121,128,126,127,High
185,69,99,248,6,67,117,137,122,239,15,71,High
228,26,77,247,7,67,220,34,81,223,31,79,High
226,28,78,191,63,96,139,115,122,26,228,77,High
198,56,92,33,221,80,97,157,112,100,154,114,Medium
163,91,109,193,61,94,249,5,66,141,113,121,High
21,233,74,6,248,67,28,226,78,128,126,127,Medium
41,213,84,5,249,66,107,147,118,49,205,88,Medium
229,25,76,82,172,105,10,244,69,218,36,82,Medium
154,100,114,124,130,126,188,66,97,172,82,105,High
2,252,65,196,58,93,234,20,74,213,41,84,High
25,229,76,174,80,104,71,183,99,218,36,82,High
169,85,107,113,141,121,218,36,82,190,64,96,High
1,253,64,69,185,99,74,180,101,111,143,120,High
41,213,84,254,0,64,232,22,75,155,99,113,High
139,115,121,108,146,118,192,62,95,40,214,84,High
176,78,103,115,139,121,205,49,88,171,83,105,High
166,88,108,41,213,84,4,250,66,45,209,86,Low
57,197,92,202,52,90,245,9,68,176,78,103,High
181,73,100,176,78,103,185,69,98,58,196,93,High
60,194,94,56,198,92,77,177,103,29,225,79,Medium
82,172,105,21,233,74,211,43,85,42,212,85,High
190,64,96,173,81,104,71,183,100,0,254,64,Medium
165,89,108,166,88,108,222,32,80,183,71,100,High
216,38,83,69,185,98,28,226,78,186,68,98,Medium
167,87,107,242,12,70,179,75,101,131,123,126,High
144,110,119,38,216,83,137,117,122,41,213,84,Medium
23,231,75,110,144,119,24,230,76,21,233,74,Medium
93,161,111,240,14,71,61,193,94,4,250,66,High
67,187,97,107,147,117,3,251,65,42,212,85,Medium
62,192,95,162,92,110,119,135,124,227,27,77,High
248,6,67,101,153,114,76,178,102,61,193,94,Medium
100,154,114,69,185,99,152,102,115,90,164,109,High
227,27,77,250,4,66,75,179,102,26,228,77,High
160,94,111,104,150,116,76,178,102,56,198,92,Medium
202,52,90,227,27,77,189,65,96,132,122,125,High
128,126,127,58,196,93,12,242,70,154,100,114,Medium
147,107,118,54,200,91,230,24,76,62,192,95,High
125,129,127,7,247,67,217,37,82,14,240,71,High
49,205,88,166,88,108,170,84,106,99,155,114,High
184,70,99,93,161,111,151,103,116,59,195,93,High
71,183,99,220,34,81,227,27,77,55,199,92,High
6,248,67,120,134,124,47,207,87,244,10,69,High
164,90,109,246,8,68,20,234,74,157,97,113,High
45,209,86,47,207,87,61,193,94,142,112,120,Medium
239,15,71,221,33,80,202,52,90,106,148,117,High
243,11,69,198,56,92,8,246,68,109,145,118,Medium
233,21,74,196,58,93,148,106,117,137,117,122,High
94,160,111,215,39,83,253,1,64,177,77,102,High
3,251,65,194,60,94,218,36,82,179,75,102,High
236,18,73,159,95,111,132,122,125,43,211,85,High
109,145,118,33,221,80,16,238,72,127,127,127,Medium
246,8,68,8,246,68,212,42,85,105,149,116,High
245,9,68,234,20,74,152,102,115,221,33,80,High
217,37,82,157,97,113,29,225,78,161,93,111,High
75,179,101,203,51,90,23,231,76,135,119,123,High
98,156,113,122,132,125,231,23,75,29,225,78,High
217,37,83,29,225,79,170,84,106,154,100,114,High
80,174,104,31,223,80,211,43,85,29,225,79,High
43,211,85,174,80,104,224,30,79,85,169,107,High
141,113,120,109,145,119,145,109,118,36,218,82,High
238,16,72,51,203,89,131,123,125,176,78,103,High
177,77,102,125,129,126,109,145,119,52,202,90,High
145,109,119,16,238,72,80,174,104,99,155,114,Medium
24,230,76,148,106,117,110,144,119,228,26,77,High
156,98,113,68,186,98,197,57,92,52,202,90,High
252,2,65,203,51,89,153,101,114,129,125,127,High
35,219,81,79,175,103,227,27,77,106,148,117,High
132,122,125,116,138,122,113,141,120,4,250,66,Medium
223,31,79,2,252,65,154,100,114,202,52,90,High
188,66,97,18,236,73,160,94,111,17,237,72,Medium
177,77,102,100,154,114,150,104,116,120,134,124,High
179,75,102,122,132,125,179,75,102,142,112,120,High
91,163,110,153,101,115,60,194,94,160,94,111,High
74,180,101,74,180,101,130,124,126,175,79,103,High
206,48,88,177,77,103,26,228,77,64,190,96,Medium
206,48,88,219,35,81,98,156,113,2,252,65,High
221,33,81,198,56,92,124,130,126,184,70,99,High
232,22,75,10,244,69,166,88,108,136,118,123,High
130,124,126,122,132,125,242,12,70,213,41,84,High
127,127,127,26,228,77,153,101,115,209,45,86,High
203,51,89,61,193,94,189,65,96,215,39,84,High
165,89,108,251,3,65,129,125,127,123,131,126,High
179,75,102,36,218,82,161,93,110,85,169,106,High
202,52,90,127,127,127,18,236,73,201,53,90,Medium
226,28,78,157,97,112,64,190,96,115,139,121,High
86,168,107,179,75,102,92,162,110,46,208,87,High
95,159,112,142,112,120,120,134,124,218,36,82,High
23,231,76,2,252,65,11,243,69,225,29,79,Medium
147,107,117,83,171,105,35,219,81,118,136,123,Medium
9,245,68,132,122,125,70,184,99,19,235,73,High
118,136,123,22,232,75,247,7,67,98,156,113,High
138,116,122,89,165,108,84,170,106,204,50,89,High
73,181,100,8,246,68,122,132,125,229,25,76,High
150,104,116,20,234,74,50,204,89,51,203,90,Low
7,247,67,101,153,114,155,99,113,17,237,72,High
9,245,68,33,221,80,71,183,99,223,31,79,High
209,45,86,144,110,119,52,202,90,99,155,113,Medium
91,163,110,175,79,103,131,123,125,138,116,122,High
32,222,80,204,50,89,1,253,64,246,8,68,High
133,121,125,51,203,89,1,253,64,16,238,72,Low
196,58,93,42,212,85,55,199,92,165,89,109,Medium
55,199,91,26,228,77,9,245,68,18,236,73,Low
158,96,112,162,92,110,27,227,77,95,159,112,Medium
21,233,74,180,74,101,86,168,107,204,50,89,High
13,241,70,8,246,68,204,50,89,110,144,119,High
135,119,123,238,16,72,145,109,118,254,0,64,High
137,117,122,13,241,70,130,124,126,142,112,120,Medium
162,92,110,138,116,122,74,180,101,81,173,105,Medium
185,69,99,180,74,101,237,17,72,56,198,92,High
248,6,67,222,32,80,101,153,114,89,165,108,High
131,123,125,182,72,100,22,232,75,94,160,111,Medium
82,172,105,204,50,89,157,97,113,17,237,72,High
202,52,90,86,168,107,29,225,78,94,160,111,Medium
69,185,98,207,47,87,88,166,108,118,136,123,High
111,143,120,20,234,74,129,125,127,184,70,99,High
20,234,74,228,26,77,222,32,80,167,87,107,High
6,248,67,139,115,121,125,129,127,180,74,101,High
245,9,68,208,46,87,179,75,102,2,252,65,High
213,41,84,115,139,121,253,1,64,55,199,91,High
177,77,102,164,90,109,33,221,80,168,86,107,Medium
104,150,116,134,120,124,70,184,99,123,131,125,High
44,210,86,186,68,98,100,154,114,1,253,64,High
39,215,84,20,234,74,107,147,117,205,49,89,High
63,191,96,15,239,71,104,150,116,197,57,93,High
140,114,121,63,191,95,231,23,75,139,115,121,High
182,72,100,40,214,84,182,72,100,16,238,72,High
168,86,107,222,32,80,155,99,114,195,59,93,High
71,183,99,55,199,92,78,176,103,148,106,117,Medium
243,11,69,248,6,67,210,44,86,199,55,91,High
188,66,97,85,169,107,243,11,69,191,63,95,High
141,113,121,46,208,87,209,45,86,204,50,89,High
155,99,113,201,53,90,0,254,64,132,122,125,Medium
106,148,117,167,87,107,162,92,110,35,219,81,High
63,191,95,127,127,127,13,241,70,171,83,106,Medium
90,164,109,141,113,120,65,189,96,158,96,112,High
193,61,94,183,71,99,15,239,71,189,65,96,Medium
3,251,65,58,196,93,153,101,114,43,211,85,High
29,225,78,254,0,64,175,79,104,49,205,88,High
11,243,69,248,6,67,29,225,78,227,27,78,High
10,244,69,165,89,108,97,157,113,191,63,96,High
218,36,82,50,204,89,116,138,122,231,23,75,High
179,75,101,173,81,104,94,160,111,193,61,94,High
120,134,124,18,236,73,30,224,79,152,102,115,Medium
24,230,76,7,247,67,106,148,117,166,88,108,High
125,129,126,65,189,96,191,63,95,226,28,78,High
120,134,124,117,137,123,18,236,73,147,107,117,Medium
44,210,86,221,33,80,20,234,74,161,93,111,High
110,144,119,185,69,98,90,164,109,39,215,84,High
101,153,115,189,65,96,240,14,71,120,134,124,High
157,97,113,108,146,118,170,84,106,182,72,100,High
161,93,110,88,166,108,173,81,105,69,185,98,High
11,243,69,94,160,111,92,162,110,51,203,89,High
95,159,111,251,3,65,151,103,116,80,174,104,High
159,95,111,10,244,69,2,252,65,61,193,94,Low
128,126,127,221,33,81,162,92,110,54,200,91,High
218,36,82,147,107,117,232,22,75,108,146,118,High
167,87,107,111,143,120,156,98,113,231,23,75,High
41,213,84,184,70,99,222,32,80,129,125,127,High
17,237,73,124,130,126,184,70,99,47,207,88,High
163,91,109,222,32,80,30,224,79,19,235,73,Medium
6,248,67,229,25,76,230,24,76,177,77,102,High
149,105,117,107,147,117,16,238,72,97,157,112,Medium
239,15,71,70,184,99,136,118,123,209,45,86,High
146,108,118,151,103,116,36,218,82,168,86,107,Medium
98,156,113,232,22,75,2,252,65,203,51,90,High
164,90,109,53,201,90,107,147,118,69,185,98,Medium
116,138,122,158,96,112,75,179,101,176,78,103,High
139,115,122,161,93,111,123,131,126,67,187,97,High
240,14,71,186,68,98,147,107,118,239,15,71,High
98,156,113,33,221,80,11,243,69,162,92,110,Medium
245,9,68,182,72,100,31,223,79,82,172,105,High
230,24,76,231,23,75,142,112,120,68,186,98,High
49,205,89,45,209,86,87,167,107,48,206,88,Medium
17,237,72,60,194,94,185,69,98,177,77,103,High
25,229,76,247,7,67,166,88,108,55,199,91,High
4,250,66,46,208,87,215,39,83,151,103,115,High
24,230,76,217,37,82,176,78,103,67,187,97,High
174,80,104,125,129,127,109,145,119,168,86,107,High
18,236,73,63,191,95,171,83,105,207,47,87,High
81,173,104,222,32,80,70,184,99,198,56,92,High
215,39,83,113,141,120,78,176,103,194,60,94,High
5,249,66,131,123,126,201,53,91,47,207,88,High
207,47,87,91,163,109,113,141,121,22,232,75,Medium
71,183,100,151,103,116,203,51,89,178,76,102,High
30,224,79,41,213,84,209,45,86,93,161,111,High
177,77,102,99,155,114,218,36,82,110,144,119,High
160,94,111,247,7,67,233,21,74,7,247,67,High
223,31,79,65,189,97,109,145,119,66,188,97,High
187,67,97,167,87,107,81,173,104,8,246,68,Medium
204,50,89,82,172,105,148,106,117,224,30,79,High
71,183,100,197,57,92,94,160,111,62,192,95,High
45,209,86,33,221,80,153,101,115,142,112,120,High
191,63,95,247,7,67,179,75,101,9,245,68,High
205,49,88,115,139,122,175,79,103,170,84,106,High
252,2,65,60,194,94,95,159,111,82,172,105,High
105,149,116,18,236,73,42,212,85,228,26,77,Medium
94,160,111,43,211,85,109,145,119,226,28,78,High
197,57,92,132,122,125,36,218,82,82,172,105,Medium
86,168,107,85,169,107,226,28,78,229,25,76,High
237,17,72,211,43,85,88,166,108,254,0,64,High
218,36,82,109,145,119,39,215,83,210,44,86,Medium
109,145,118,63,191,95,6,248,67,215,39,83,Medium
191,63,95,157,97,113,164,90,109,63,191,95,High
192,62,95,180,74,101,162,92,110,147,107,118,High
26,228,77,42,212,85,86,168,107,17,237,72,Medium
230,24,76,42,212,85,18,236,73,24,230,76,Low
128,126,127,9,245,68,104,150,116,254,0,64,High
210,44,86,187,67,97,79,175,103,83,171,105,High
81,173,104,169,85,107,172,82,105,190,64,96,High
228,26,77,121,133,124,154,100,114,205,49,88,High
99,155,113,215,39,83,92,162,110,218,36,82,High
2,252,65,205,49,88,55,199,91,254,0,64,High
230,24,76,149,105,117,251,3,65,61,193,94,High
23,231,75,221,33,80,115,139,122,10,244,69,High
81,173,104,52,202,90,175,79,103,104,150,116,High
242,12,70,28,226,78,35,219,81,33,221,80,Medium
242,12,70,68,186,98,123,131,126,5,249,66,High
146,108,118,14,240,71,7,247,67,91,163,110,Low
161,93,111,135,119,124,128,126,127,199,55,91,High
114,140,121,238,16,72,245,9,68,144,110,119,High
74,180,101,10,244,69,97,157,113,79,175,104,Medium
83,171,106,31,223,79,9,245,68,166,88,108,Medium
171,83,105,115,139,121,7,247,67,59,195,93,Medium
191,63,95,238,16,72,98,156,113,3,251,65,High
201,53,90,80,174,104,40,214,84,194,60,94,Medium
201,53,90,129,125,127,5,249,66,159,95,112,Medium
23,231,75,10,244,69,192,62,95,194,60,94,High
126,128,127,37,217,82,116,138,122,9,245,68,Medium
14,240,71,251,3,65,73,181,101,213,41,84,High
140,114,121,246,8,68,229,25,76,157,97,112,High
112,142,120,1,253,64,29,225,78,143,111,119,Medium
226,28,78,242,12,70,243,11,69,159,95,112,High
89,165,108,162,92,110,80,174,104,220,34,81,High
29,225,78,221,33,80,226,28,78,149,105,116,High
36,218,82,115,139,122,153,101,114,148,106,117,High
194,60,94,131,123,126,210,44,86,252,2,65,High
157,97,112,124,130,126,250,4,66,192,62,95,High
25,229,76,170,84,106,73,181,100,112,142,120,High
21,233,74,35,219,81,245,9,68,180,74,101,High
178,76,102,7,247,67,99,155,113,99,155,113,Medium
18,236,73,78,176,103,98,156,113,58,196,93,High
209,45,86,179,75,101,86,168,107,152,102,115,High
180,74,101,51,203,89,138,116,122,236,18,73,High
20,234,74,171,83,105,39,215,83,236,18,73,High
21,233,74,247,7,67,141,113,121,87,167,107,High
251,3,65,23,231,76,138,116,122,134,120,124,High
95,159,111,171,83,105,194,60,94,53,201,91,High
94,160,111,113,141,120,212,42,85,253,1,64,High
207,47,87,221,33,80,112,142,120,250,4,66,High
241,13,70,45,209,86,77,177,102,165,89,108,Medium
251,3,65,176,78,103,66,188,97,205,49,89,High
192,62,95,213,41,84,49,205,88,182,72,100,High
95,159,112,240,14,71,14,240,71,151,103,116,High
21,233,74,174,80,104,87,167,107,13,241,70,High
198,56,92,126,128,127,68,186,98,115,139,122,Medium
142,112,120,157,97,112,246,8,68,172,82,105,High
108,146,118,221,33,80,142,112,120,172,82,105,High
231,23,75,145,109,118,88,166,108,95,159,111,High
28,226,78,7,247,67,148,106,117,240,14,71,High
125,129,127,237,17,72,35,219,81,42,212,85,Medium
2,252,65,175,79,103,113,141,120,127,127,127,High
119,135,123,172,82,105,159,95,111,176,78,103,High
14,240,71,54,200,91,124,130,126,177,77,102,High
30,224,79,168,86,107,102,152,115,165,89,108,High
29,225,79,100,154,114,253,1,64,70,184,99,High
165,89,108,166,88,108,224,30,79,39,215,83,High
190,64,96,27,227,77,158,96,112,162,92,110,High
148,106,117,167,87,107,145,109,119,152,102,115,High
245,9,68,254,0,64,158,96,112,45,209,86,High
95,159,111,12,242,70,51,203,89,179,75,101,Medium
72,182,100,249,5,66,100,154,114,116,138,122,High
221,33,80,103,151,116,10,244,69,170,84,106,Medium
57,197,92,222,32,80,121,133,124,213,41,84,High
245,9,68,199,55,91,138,116,122,43,211,85,High
3,251,65,144,110,119,58,196,93,4,250,66,High
247,7,67,188,66,97,245,9,68,198,56,92,High
11,243,69,224,30,79,231,23,75,155,99,113,High
227,27,77,103,151,115,184,70,99,178,76,102,High
134,120,124,83,171,105,136,118,123,213,41,84,High
253,1,64,170,84,106,221,33,80,204,50,89,High
18,236,73,206,48,88,33,221,80,245,9,69,High
141,113,121,194,60,94,201,53,90,136,118,123,High
247,7,67,203,51,89,31,223,79,124,130,126,High
133,121,125,111,143,119,202,52,90,102,152,115,High
160,94,111,208,46,87,70,184,99,39,215,83,High
177,77,102,30,224,79,223,31,79,146,108,118,High
115,139,122,138,116,122,240,14,71,70,184,99,High
160,94,111,1,253,64,37,217,83,234,20,74,Medium
149,105,117,82,172,105,117,137,123,148,106,117,High
229,25,76,93,161,110,250,4,66,151,103,116,High
11,243,69,101,153,114,123,131,125,90,164,109,High
71,183,99,177,77,102,220,34,81,13,241,70,High
242,12,70,99,155,113,150,104,116,8,246,68,High
227,27,78,114,140,121,95,159,112,107,147,118,High
116,138,122,60,194,94,72,182,100,21,233,74,Medium
158,96,112,95,159,111,51,203,90,154,100,114,Medium
70,184,99,57,197,93,194,60,94,224,30,79,High
47,207,88,18,236,73,98,156,113,225,29,78,High
118,136,123,153,101,114,130,124,126,168,86,107,High
90,164,109,170,84,106,125,129,127,53,201,91,High
148,106,117,157,97,112,147,107,118,220,34,81,High
19,235,73,118,136,123,220,34,81,225,29,78,High
248,6,67,96,158,112,250,4,66,50,204,89,High
251,3,65,220,34,81,103,151,116,188,66,97,High
178,76,102,132,122,125,211,43,86,73,181,100,High
136,118,123,122,132,125,194,60,94,204,50,89,High
78,176,103,6,248,67,146,108,118,254,0,64,High
207,47,87,87,167,107,243,11,69,7,247,67,High
174,80,104,96,158,112,51,203,89,228,26,77,Medium
41,213,84,101,153,115,27,227,77,158,96,112,Medium
232,22,75,147,107,117,217,37,82,248,6,67,High
209,45,86,136,118,123,111,143,120,118,136,123,High
242,12,70,155,99,114,215,39,83,216,38,83,High
185,69,99,195,59,94,227,27,77,15,239,71,High
156,98,113,207,47,87,15,239,71,85,169,106,Medium
106,148,117,183,71,100,225,29,78,17,237,72,High
237,17,72,243,11,69,114,140,121,248,6,67,High
220,34,81,4,250,66,130,124,126,208,46,87,High
11,243,69,49,205,89,159,95,111,217,37,82,High
6,248,67,1,253,64,236,18,73,239,15,71,High
95,159,112,165,89,109,4,250,66,21,233,74,Medium
206,48,88,228,26,77,121,133,125,98,156,113,High
251,3,65,62,192,95,175,79,103,18,236,73,High
38,216,83,236,18,73,184,70,99,53,201,90,High
151,103,115,15,239,71,176,78,103,58,196,93,High
97,157,112,238,16,72,34,220,81,119,135,124,High
247,7,67,89,165,109,76,178,102,68,186,98,Medium
214,40,84,25,229,76,91,163,109,25,229,76,Medium
213,41,84,123,131,126,205,49,89,42,212,85,High
119,135,123,65,189,96,71,183,99,37,217,82,Medium
105,149,117,72,182,100,53,201,90,248,6,67,Medium
69,185,98,78,176,103,244,10,69,193,61,94,High
14,240,71,204,50,89,2,252,65,246,8,68,High
220,34,81,137,117,122,254,0,64,112,142,120,High
207,47,87,79,175,103,172,82,105,70,184,99,High
254,0,64,155,99,113,211,43,85,203,51,89,High
254,0,64,182,72,100,75,179,101,83,171,105,High
141,113,120,69,185,98,3,251,65,76,178,102,Low
196,58,93,105,149,116,188,66,97,59,195,93,High
240,14,71,31,223,79,212,42,85,33,221,80,High
216,38,83,46,208,87,188,66,97,65,189,96,High
63,191,95,173,81,104,36,218,82,90,164,109,High
114,140,121,46,208,87,192,62,95,171,83,105,High
32,222,80,133,121,124,196,58,93,15,239,72,High
243,11,69,180,74,101,167,87,107,53,201,90,High
154,100,114,27,227,77,195,59,93,206,48,88,High
58,196,93,144,110,119,215,39,83,37,217,82,High
171,83,106,65,189,96,156,98,113,87,167,107,High
157,97,112,245,9,68,22,232,75,220,34,81,High
91,163,109,123,131,125,124,130,126,39,215,83,High
28,226,78,205,49,88,19,235,73,21,233,74,High
171,83,106,140,114,121,103,151,116,123,131,126,High
132,122,125,11,243,69,103,151,116,77,177,102,Medium
196,58,93,161,93,110,16,238,72,143,111,119,Medium
132,122,125,242,12,70,88,166,108,204,50,89,High
217,37,82,153,101,114,28,226,78,34,220,81,Medium
140,114,121,208,46,87,206,48,88,148,106,117,High
143,111,120,225,29,78,241,13,70,128,126,127,High
223,31,79,58,196,93,18,236,73,36,218,82,Medium
102,152,115,54,200,91,243,11,69,159,95,112,High
34,220,81,155,99,113,133,121,125,69,185,99,High
7,247,67,104,150,116,76,178,102,124,130,126,High
192,62,95,214,40,84,19,235,73,20,234,74,Medium
158,96,112,229,25,76,127,127,127,117,137,122,High
179,75,101,90,164,109,202,52,90,78,176,103,High
54,200,91,60,194,94,180,74,101,209,45,86,High
34,220,81,199,55,92,12,242,70,14,240,71,Medium
3,251,65,70,184,99,18,236,73,106,148,117,Medium
89,165,108,209,45,86,102,152,115,116,138,122,High
150,104,116,108,146,118,75,179,101,184,70,99,Medium
100,154,114,170,84,106,59,195,93,146,108,118,High
111,143,119,24,230,76,71,183,99,170,84,106,Medium
230,24,76,159,95,112,204,50,89,198,56,92,High
88,166,108,115,139,121,236,18,73,219,35,81,High
131,123,126,149,105,116,103,151,115,80,174,104,High
199,55,91,42,212,85,231,23,76,137,117,123,High
101,153,114,187,67,97,81,173,105,214,40,84,High
158,96,112,220,34,81,121,133,124,252,2,65,High
219,35,81,55,199,91,57,197,92,226,28,78,Medium
242,12,70,24,230,76,163,91,110,94,160,111,High
37,217,82,6,248,67,249,5,66,49,205,88,High
236,18,73,163,91,109,153,101,114,124,130,126,High
125,129,126,154,100,114,91,163,109,189,65,97,High
65,189,97,139,115,122,165,89,109,125,129,127,High
117,137,122,59,195,93,31,223,79,123,131,125,Medium
249,5,66,99,155,114,226,28,78,213,41,84,High
125,129,127,151,103,115,128,126,127,92,162,110,High
83,171,106,126,128,127,114,140,121,219,35,81,High
161,93,110,251,3,65,149,105,117,103,151,116,High
61,193,94,34,220,81,159,95,112,83,171,106,High
19,235,73,177,77,103,18,236,73,115,139,122,High
32,222,80,103,151,115,174,80,104,194,60,94,High
32,222,80,109,145,118,61,193,94,32,222,80,Medium
38,216,83,182,72,100,182,72,100,50,204,89,High
35,219,81,176,78,103,209,45,86,242,12,70,High
163,91,109,252,2,65,205,49,89,44,210,86,High
46,208,87,32,222,80,140,114,121,144,110,119,High
88,166,108,26,228,77,132,122,125,147,107,117,High
228,26,77,184,70,99,36,218,82,124,130,126,High
120,134,124,147,107,117,197,57,92,164,90,109,High
170,84,106,69,185,99,69,185,98,58,196,93,Medium
43,211,86,20,234,74,126,128,127,140,114,121,High
49,205,88,21,233,74,72,182,100,94,160,111,Medium
10,244,69,228,26,77,34,220,81,168,86,107,High
43,211,85,48,206,88,160,94,111,36,218,82,High
71,183,99,82,172,105,13,241,70,145,109,118,Medium
45,209,86,57,197,93,190,64,96,47,207,87,High
22,232,75,90,164,109,80,174,104,71,183,99,High
30,224,79,17,237,72,0,254,64,55,199,91,Low
117,137,122,132,122,125,130,124,126,46,208,87,High
52,202,90,17,237,72,11,243,69,210,44,86,Medium
92,162,110,204,50,89,70,184,99,72,182,100,High
128,126,127,59,195,93,180,74,101,236,18,73,High
176,78,103,137,117,122,15,239,72,247,7,67,Medium
10,244,69,224,30,79,214,40,84,145,109,118,High
203,51,89,165,89,108,0,254,64,36,218,82,Medium
160,94,111,135,119,123,62,192,95,95,159,111,Medium
20,234,74,82,172,105,188,66,97,203,51,89,High
222,32,80,84,170,106,80,174,104,93,161,111,Medium
234,20,74,170,84,106,25,229,77,22,232,75,Medium
15,239,71,253,1,64,91,163,110,141,113,120,High
70,184,99,168,86,107,68,186,98,215,39,83,High
205,49,88,142,112,120,214,40,84,202,52,90,High
190,64,96,186,68,98,79,175,104,44,210,86,High
47,207,87,118,136,123,201,53,91,171,83,105,High
53,201,90,15,239,71,227,27,77,56,198,92,High
94,160,111,143,111,120,110,144,119,55,199,91,High
123,131,126,244,10,69,232,22,75,222,32,80,High
157,97,112,44,210,86,96,158,112,63,191,95,Medium
94,160,111,175,79,103,245,9,68,67,187,97,High
117,137,123,51,203,89,22,232,75,0,254,64,Low
190,64,96,136,118,123,175,79,104,222,32,80,High
9,245,68,24,230,76,125,129,127,202,52,90,High
64,190,96,114,140,121,98,156,113,159,95,111,High
181,73,100,192,62,95,161,93,111,191,63,95,High
228,26,77,88,166,108,179,75,101,38,216,83,High
130,124,126,169,85,106,1,253,64,116,138,122,Medium
135,119,123,202,52,90,42,212,85,89,165,108,Medium
27,227,77,236,18,73,181,73,100,23,231,76,High
114,140,121,59,195,94,169,85,106,123,131,126,High
135,119,123,101,153,115,246,8,68,234,20,74,High
61,193,95,38,216,83,194,60,94,10,244,69,High
68,186,98,253,1,64,242,12,70,74,180,101,High
96,158,112,236,18,73,179,75,102,52,202,90,High
5,249,66,137,117,122,76,178,102,60,194,94,High
82,172,105,214,40,84,26,228,77,231,23,75,High
53,201,91,132,122,125,199,55,91,119,135,123,High
83,171,105,159,95,112,164,90,109,118,136,123,High
30,224,79,22,232,75,12,242,70,193,61,94,Medium
227,27,78,192,62,95,91,163,110,39,215,83,High
151,103,116,32,222,80,243,11,69,124,130,126,High
173,81,105,210,44,86,127,127,127,109,145,119,High
201,53,90,199,55,91,110,144,119,152,102,115,High
127,127,127,180,74,101,116,138,122,254,0,64,High
22,232,75,9,245,68,53,201,90,196,58,93,Medium
136,118,123,77,177,102,94,160,111,101,153,114,Medium
149,105,116,67,187,97,94,160,111,211,43,86,High
190,64,96,91,163,110,13,241,70,43,211,85,Medium
110,144,119,22,232,75,195,59,93,7,247,67,High
32,222,80,238,16,72,106,148,117,52,202,90,High
72,182,100,141,113,121,209,45,86,86,168,107,High
92,162,110,77,177,103,216,38,83,130,124,126,High
164,90,109,101,153,114,54,200,91,156,98,113,Medium
145,109,118,114,140,121,167,87,107,232,22,75,High
90,164,109,153,101,115,120,134,124,130,124,126,High
251,3,65,131,123,125,224,30,79,127,127,127,High
154,100,114,234,20,74,55,199,91,12,242,70,Medium
60,194,94,126,128,127,172,82,105,8,246,68,High
25,229,77,253,1,65,154,100,114,140,114,121,High
38,216,83,217,37,83,75,179,101,111,143,120,High
62,192,95,53,201,90,34,220,81,213,41,84,Medium
40,214,84,237,17,72,166,88,108,40,214,84,High
47,207,87,29,225,78,188,66,97,6,248,67,High
72,182,100,208,46,87,80,174,104,114,140,121,High
44,210,86,97,157,112,164,90,109,60,194,94,High
228,26,77,223,31,79,100,154,114,12,242,70,High
20,234,74,221,33,80,181,73,100,184,70,99,High
133,121,124,205,49,88,50,204,89,28,226,78,Medium
104,150,116,201,53,90,227,27,78,155,99,114,High
250,4,66,77,177,102,73,181,100,71,183,99,Medium
28,226,78,20,234,74,93,161,111,44,210,86,Medium
101,153,114,102,152,115,14,240,71,96,158,112,Medium
247,7,67,44,210,86,28,226,78,204,50,89,Medium
220,34,81,177,77,103,131,123,125,99,155,114,High
208,46,87,88,166,108,68,186,98,191,63,95,High
65,189,97,248,6,67,213,41,85,31,223,80,High
43,211,85,163,91,109,3,251,65,197,57,93,High
170,84,106,209,45,86,96,158,112,60,194,94,High
236,18,73,33,221,80,86,168,107,172,82,105,Medium
141,113,120,219,35,81,4,250,66,144,110,119,Medium
145,109,118,235,19,73,31,223,79,236,18,73,High
71,183,99,124,130,126,105,149,116,98,156,113,High
196,58,93,154,100,114,125,129,127,16,238,72,High
47,207,87,195,59,94,103,151,115,4,250,66,High
82,172,105,44,210,86,135,119,124,210,44,86,High
108,146,118,128,126,127,151,103,115,133,121,124,High
129,125,127,101,153,115,2,252,65,197,57,92,Medium
61,193,95,37,217,82,118,136,123,59,195,94,High
29,225,78,93,161,111,245,9,68,87,167,108,High
155,99,113,17,237,72,132,122,125,7,247,67,Medium
73,181,100,6,248,67,172,82,105,245,9,68,High
148,106,117,34,220,81,79,175,103,170,84,106,Medium
39,215,83,245,9,68,197,57,92,237,17,72,High
122,132,125,140,114,121,197,57,93,67,187,97,High
135,119,123,246,8,68,132,122,125,155,99,113,High
13,241,70,110,144,119,248,6,67,173,81,105,High
85,169,107,79,175,103,32,222,80,80,174,104,Medium
34,220,81,129,125,127,4,250,66,216,38,83,High
16,238,72,112,142,120,196,58,93,241,13,70,High
252,2,65,26,228,77,205,49,88,225,29,78,High
82,172,105,163,91,109,30,224,79,188,66,97,High
206,48,88,55,199,91,67,187,97,70,184,99,Medium
64,190,96,157,97,112,4,250,66,71,183,100,Medium
173,81,104,165,89,108,74,180,101,245,9,68,High
193,61,94,38,216,83,197,57,93,2,252,65,High
151,103,115,15,239,71,132,122,125,182,72,100,High
120,134,124,199,55,92,88,166,108,180,74,101,High
105,149,116,117,137,122,94,160,111,158,96,112,High
88,166,108,14,240,71,0,254,64,252,2,65,Medium
237,17,73,253,1,64,76,178,102,79,175,103,High
211,43,85,14,240,71,164,90,109,86,168,107,High
246,8,68,177,77,103,248,6,67,20,234,74,High
31,223,79,250,4,66,216,38,83,112,142,120,High
186,68,98,60,194,94,6,248,67,66,188,97,Low
239,15,71,36,218,82,229,25,76,87,167,107,High
46,208,87,30,224,79,199,55,91,212,42,85,High
16,238,72,77,177,102,198,56,92,238,16,72,High
188,66,97,25,229,76,116,138,122,47,207,87,Medium
146,108,118,176,78,103,101,153,114,94,160,111,High
214,40,84,15,239,71,77,177,102,236,18,73,Medium
35,219,81,129,125,126,16,238,72,15,239,71,Medium
202,52,90,254,0,64,58,196,93,23,231,75,High
51,203,89,207,47,87,62,192,95,41,213,84,High
41,213,84,156,98,113,123,131,125,151,103,115,High
41,213,85,78,176,103,190,64,96,38,216,83,High
207,47,87,159,95,112,120,134,124,246,8,68,High
169,85,106,134,120,124,14,240,71,113,141,121,Medium
133,121,125,108,146,118,244,10,69,127,127,127,High
91,163,109,33,221,80,240,14,71,62,192,95,High
223,31,79,226,28,78,200,54,91,120,134,124,High
100,154,114,114,140,121,252,2,65,168,86,107,High
208,46,87,49,205,88,138,116,122,191,63,95,High
111,143,120,93,161,111,245,9,68,192,62,95,High
96,158,112,105,149,117,19,235,73,147,107,118,Medium
117,137,123,211,43,86,93,161,110,230,24,76,High
76,178,102,187,67,98,57,197,92,208,46,87,High
190,64,96,196,58,93,49,205,89,193,61,95,High
128,126,127,2,252,65,35,219,82,14,240,71,Low
59,195,93,106,148,117,158,96,112,1,253,64,High
229,25,76,122,132,125,199,55,91,54,200,91,High
97,157,113,4,250,66,147,107,117,169,85,107,High
138,116,122,66,188,97,37,217,82,104,150,116,Medium
231,23,75,193,61,94,206,48,88,102,152,115,High
159,95,112,34,220,81,162,92,110,225,29,78,High
29,225,78,136,118,123,98,156,113,228,26,77,High
239,15,71,54,200,91,171,83,105,231,23,75,High
160,94,111,3,251,65,66,188,97,80,174,104,Medium
85,169,106,61,193,94,88,166,108,176,78,103,High
35,219,81,248,6,67,233,21,74,69,185,98,High
202,52,90,204,50,89,74,180,101,48,206,88,High
158,96,112,244,10,69,119,135,124,47,207,87,High
136,118,123,124,130,126,226,28,78,87,167,107,High
227,27,77,27,227,78,180,74,101,109,145,119,High
201,53,91,139,115,121,15,239,71,211,43,85,Medium
38,216,83,115,139,122,37,217,82,30,224,79,Medium
79,175,103,215,39,83,1,253,65,187,67,97,High
63,191,95,25,229,76,160,94,111,135,119,123,High
189,65,96,124,130,126,114,140,121,73,181,100,High
8,246,68,38,216,83,34,220,81,125,129,127,Medium
145,109,119,82,172,105,244,10,69,76,178,102,High
194,60,94,188,66,97,135,119,124,152,102,115,High
223,31,79,121,133,124,61,193,94,110,144,119,Medium
87,167,107,95,159,112,127,127,127,41,213,85,High
209,45,86,100,154,114,173,81,105,29,225,78,High
28,226,78,117,137,122,19,235,73,139,115,122,Medium
215,39,83,200,54,91,70,184,99,230,24,76,High
32,222,80,227,27,77,205,49,88,87,167,108,High
101,153,114,243,11,69,117,137,122,186,68,98,High
203,51,89,200,54,91,139,115,122,167,87,107,High
38,216,83,80,174,104,110,144,119,237,17,72,High
58,196,93,175,79,103,11,243,69,209,45,86,High
184,70,99,111,143,120,42,212,85,144,110,119,Medium
183,71,99,64,190,96,113,141,121,167,87,107,High
163,91,109,214,40,84,53,201,90,229,25,77,High
176,78,103,9,245,68,12,242,70,101,153,115,Low
138,116,122,229,25,76,215,39,84,83,171,105,High
64,190,96,117,137,123,250,4,66,2,252,65,High
88,166,108,162,92,110,202,52,90,210,44,86,High
46,208,87,168,86,107,217,37,82,204,50,89,High
231,23,75,228,26,77,61,193,94,26,228,77,High
148,106,117,162,92,110,244,10,69,147,107,118,High
102,152,115,156,98,113,50,204,89,118,136,123,High
117,137,123,16,238,72,242,12,70,30,224,79,High
241,13,70,132,122,125,253,1,64,250,4,66,High
39,215,83,38,216,83,181,73,100,54,200,91,High
149,105,116,188,66,97,250,4,66,17,237,72,High
129,125,127,130,124,126,145,109,119,151,103,115,High
155,99,113,173,81,104,66,188,97,188,66,97,High
4,250,66,10,244,69,111,143,119,8,246,68,Medium
222,32,80,21,233,74,151,103,116,167,87,107,High
237,17,72,182,72,100,18,236,73,135,119,123,High
144,110,119,18,236,73,158,96,112,26,228,77,Medium
177,77,102,18,236,73,250,4,66,43,211,86,High
235,19,73,3,251,65,48,206,88,144,110,119,Medium
180,74,101,243,11,69,202,52,90,75,179,101,High
38,216,83,188,66,97,231,23,75,239,15,71,High
146,108,118,90,164,109,240,14,71,208,46,87,High
154,100,114,75,179,101,244,10,69,250,4,66,High
108,146,118,89,165,108,132,122,125,66,188,97,High
187,67,97,197,57,92,249,5,66,247,7,67,High
238,16,72,168,86,107,193,61,95,109,145,119,High
236,18,73,47,207,87,41,213,84,88,166,108,Medium
114,140,121,44,210,86,121,133,125,12,242,70,Medium
28,226,78,25,229,76,183,71,100,13,241,70,High
251,3,65,168,86,107,63,191,95,176,78,103,High
213,41,84,194,60,94,163,91,110,116,138,122,High
31,223,79,67,187,97,169,85,106,57,197,92,High
234,20,74,5,249,66,41,213,84,156,98,113,Medium
221,33,80,20,234,74,144,110,119,64,190,96,High
132,122,125,246,8,68,196,58,93,147,107,118,High
150,104,116,75,179,101,127,127,127,91,163,109,High
101,153,115,196,58,93,3,251,65,210,44,86,High
13,241,71,159,95,112,2,252,65,209,45,86,High
85,169,106,97,157,112,91,163,109,121,133,125,High
204,50,89,52,202,90,236,18,73,89,165,108,High
1,253,64,30,224,79,58,196,93,92,162,110,Medium
85,169,106,156,98,113,161,93,110,205,49,88,High
101,153,114,197,57,92,56,198,92,83,171,106,High
137,117,123,164,90,109,82,172,105,53,201,90,High
234,20,74,135,119,124,216,38,83,21,233,74,High
88,166,108,10,244,69,185,69,98,119,135,123,High
88,166,108,246,8,68,24,230,76,122,132,125,High
188,66,97,203,51,89,109,145,118,214,40,84,High
115,139,121,74,180,101,7,247,67,56,198,92,Low
57,197,92,249,5,66,122,132,125,97,157,112,High
115,139,121,153,101,114,168,86,107,206,48,88,High
35,219,82,148,106,117,30,224,79,210,44,86,High
44,210,86,190,64,96,73,181,100,98,156,113,High
127,127,127,207,47,88,101,153,114,117,137,122,High
106,148,117,167,87,107,234,20,74,77,177,102,High
233,21,74,32,222,80,253,1,64,237,17,72,High
92,162,110,86,168,107,11,243,69,30,224,79,Medium
148,106,117,236,18,73,194,60,94,238,16,72,High
161,93,111,57,197,92,94,160,111,174,80,104,Medium
3,251,65,94,160,111,100,154,114,135,119,123,High
169,85,107,110,144,119,192,62,95,8,246,68,High
45,209,86,112,142,120,234,20,74,121,133,124,High
245,9,68,156,98,113,242,12,70,103,151,116,High
37,217,83,240,14,71,147,107,118,41,213,84,High
105,149,117,61,193,94,91,163,109,167,87,107,High
21,233,74,30,224,79,200,54,91,247,7,67,High
254,0,64,50,204,89,64,190,96,143,111,120,Medium
128,126,127,226,28,78,143,111,119,182,72,100,High
151,103,115,164,90,109,91,163,109,17,237,72,Medium
17,237,72,72,182,100,167,87,107,106,148,117,High
191,63,96,208,46,87,61,193,94,29,225,78,High
53,201,90,219,35,81,48,206,88,156,98,113,High
229,25,77,215,39,83,234,20,74,239,15,71,High
52,202,90,234,20,74,25,229,77,168,86,107,High
48,206,88,64,190,96,129,125,127,19,235,73,High
9,245,68,192,62,95,56,198,92,90,164,109,High
120,134,124,117,137,122,9,245,68,140,114,121,Medium
144,110,119,214,40,84,9,245,68,102,152,115,Medium
16,238,72,185,69,98,44,210,86,212,42,85,High
197,57,92,197,57,92,221,33,81,207,47,87,High
115,139,122,167,87,108,72,182,100,156,98,113,High
133,121,124,45,209,86,242,12,70,95,159,111,High
112,142,120,138,116,122,148,106,117,65,189,96,High
102,152,115,251,3,65,111,143,119,26,228,77,High
142,112,120,239,15,72,147,107,117,90,164,109,High
39,215,83,11,243,69,131,123,125,105,149,116,High
46,208,87,42,212,85,193,61,94,172,82,105,High
219,35,81,33,221,80,72,182,100,167,87,107,Medium
241,13,70,185,69,99,90,164,109,17,237,72,High
95,159,111,208,46,87,227,27,77,100,154,114,High
69,185,98,54,200,91,241,13,70,46,208,87,High
164,90,109,128,126,127,227,27,77,39,215,84,High
104,150,116,214,40,84,106,148,117,210,44,86,High
6,248,67,186,68,98,198,56,92,10,244,69,High
39,215,83,138,116,122,121,133,124,106,148,117,High
182,72,100,150,104,116,126,128,127,42,212,85,High
168,86,107,129,125,126,52,202,90,224,30,79,High
6,248,67,75,179,102,150,104,116,142,112,120,High
56,198,92,144,110,119,47,207,87,59,195,93,Medium
58,196,93,175,79,103,84,170,106,128,126,127,High
171,83,105,222,32,80,218,36,82,186,68,98,High
5,249,66,162,92,110,52,202,90,244,10,69,High
26,228,77,194,60,94,18,236,73,56,198,92,High
203,51,89,40,214,84,17,237,72,225,29,78,Medium
45,209,86,117,137,123,239,15,71,238,16,72,High
166,88,108,2,252,65,129,125,127,233,21,74,High
60,194,94,62,192,95,104,150,116,162,92,110,High
25,229,76,185,69,99,206,48,88,160,94,111,High
62,192,95,252,2,65,213,41,85,102,152,115,High
184,70,99,25,229,76,84,170,106,191,63,95,Medium
218,36,82,102,152,115,176,78,103,135,119,123,High
211,43,85,204,50,89,196,58,93,172,82,105,High
101,153,114,52,202,90,166,88,108,109,145,118,High
170,84,106,141,113,120,38,216,83,186,68,98,Medium
52,202,90,186,68,98,223,31,79,210,44,86,High
74,180,101,157,97,113,137,117,122,37,217,82,High
228,26,77,47,207,88,72,182,100,212,42,85,High
3,251,65,90,164,109,108,146,118,137,117,122,High
21,233,74,199,55,91,9,245,68,215,39,83,High
53,201,90,141,113,121,32,222,80,109,145,119,Medium
6,248,67,1,253,64,195,59,94,96,158,112,High
46,208,87,194,60,94,0,254,64,233,21,74,High
148,106,117,9,245,68,106,148,117,64,190,96,Medium
107,147,117,190,64,96,133,121,125,215,39,83,High
227,27,77,51,203,89,13,241,70,123,131,125,Medium
208,46,87,244,10,69,248,6,67,131,123,126,High
87,167,107,93,161,111,57,197,92,78,176,103,Medium
66,188,97,83,171,105,77,177,102,146,108,118,High
96,158,112,37,217,83,77,177,102,82,172,105,Medium
150,104,116,77,177,103,58,196,93,10,244,69,Medium
68,186,98,223,31,79,0,254,64,69,185,98,Medium
159,95,112,254,0,64,185,69,98,1,253,64,High
104,150,116,93,161,111,246,8,68,249,5,66,High
140,114,121,114,140,121,57,197,92,246,8,68,High
111,143,119,184,70,99,169,85,107,100,154,114,High
75,179,101,225,29,78,189,65,97,185,69,98,High
241,13,70,151,103,116,216,38,83,88,166,108,High
194,60,94,99,155,114,107,147,118,171,83,106,High
35,219,81,105,149,116,77,177,102,205,49,88,High
221,33,80,177,77,102,82,172,105,241,13,70,High
124,130,126,0,254,64,181,73,100,102,152,115,High
228,26,77,157,97,112,208,46,87,199,55,91,High
203,51,89,90,164,109,46,208,87,67,187,98,Medium
108,146,118,202,52,90,94,160,111,252,2,65,High
5,249,66,23,231,75,229,25,76,6,248,67,High
68,186,98,149,105,116,205,49,88,153,101,114,High
138,116,122,122,132,125,251,3,65,168,86,107,High
161,93,110,163,91,109,192,62,95,175,79,103,High
65,189,97,16,238,72,100,154,114,30,224,79,Medium
35,219,81,147,107,117,150,104,116,239,15,71,High
212,42,85,143,111,120,168,86,107,46,208,87,High
251,3,65,142,112,120,20,234,74,158,96,112,Medium
134,120,124,153,101,114,138,116,122,56,198,92,High
43,211,85,172,82,105,180,74,101,78,176,103,High
69,185,98,205,49,88,42,212,85,139,115,122,High
4,250,66,68,186,98,199,55,92,106,148,117,High
233,21,74,210,44,86,148,106,117,40,214,84,High
30,224,79,127,127,127,242,12,70,43,211,85,High
147,107,118,19,235,73,10,244,69,106,148,117,Low
69,185,99,14,240,71,67,187,97,193,61,95,Medium
141,113,121,85,169,106,153,101,115,228,26,77,High
166,88,108,200,54,91,75,179,101,21,233,74,High
211,43,85,180,74,101,182,72,100,100,154,114,High
52,202,90,201,53,91,193,61,94,25,229,76,High
2,252,65,131,123,125,26,228,77,4,250,66,Medium
34,220,81,112,142,120,131,123,126,168,86,107,High
229,25,76,37,217,82,129,125,126,153,101,114,High
222,32,80,83,171,106,94,160,111,41,213,84,Medium
152,102,115,110,144,119,237,17,72,59,195,93,High
153,101,115,22,232,75,211,43,86,6,248,67,High
169,85,106,56,198,92,177,77,102,212,42,85,High
44,210,86,152,102,115,182,72,100,248,6,67,High
233,21,74,187,67,97,117,137,123,34,220,81,High
106,148,117,254,0,64,234,20,74,59,195,93,High
97,157,113,237,17,72,177,77,103,221,33,80,High
132,122,125,163,91,109,185,69,98,236,18,73,High
11,243,70,107,147,117,219,35,81,107,147,117,High
42,212,85,162,92,110,69,185,99,12,242,70,High
188,66,97,200,54,91,205,49,88,10,244,69,High
21,233,74,30,224,79,49,205,88,146,108,118,Medium
153,101,114,104,150,116,88,166,108,100,154,114,Medium
62,192,95,214,40,84,85,169,106,7,247,67,High
99,155,113,97,157,113,249,5,66,148,106,117,High
73,181,100,145,109,118,218,36,82,2,252,65,High
90,164,109,149,105,116,178,76,102,200,54,91,High
183,71,99,47,207,87,185,69,98,78,176,103,High
75,179,102,92,162,110,143,111,120,10,244,69,High
144,110,119,85,169,106,241,13,70,150,104,116,High
121,133,124,6,248,67,126,128,127,101,153,114,Medium
169,85,107,6,248,67,97,157,112,248,6,67,Medium
238,16,72,212,42,85,41,213,84,138,116,122,High
186,68,98,69,185,98,200,54,91,70,184,99,High
54,200,91,132,122,125,187,67,97,180,74,101,High
7,247,67,76,178,102,98,156,113,69,185,98,High
66,188,97,239,15,71,6,248,67,230,24,76,High
151,103,115,66,188,97,213,41,84,95,159,111,High
13,241,70,109,145,118,2,252,65,140,114,121,Medium
126,128,127,222,32,80,179,75,101,12,242,70,High
152,102,115,214,40,84,247,7,67,108,146,118,High
85,169,106,47,207,87,111,143,120,212,42,85,High
196,58,93,204,50,89,59,195,94,205,49,88,High
27,227,77,116,138,122,179,75,101,57,197,92,High
19,235,73,123,131,125,208,46,87,57,197,92,High
185,69,98,34,220,81,139,115,122,208,46,87,High
126,128,127,20,234,74,246,8,68,237,17,72,High
175,79,103,185,69,98,13,241,70,24,230,76,Medium
110,144,119,126,128,127,128,126,127,114,140,121,High
62,192,95,111,143,119,183,71,100,86,168,107,High
208,46,87,186,68,98,219,35,81,222,32,80,High
203,51,89,195,59,94,45,209,86,21,233,74,Medium
177,77,103,40,214,84,204,50,89,53,201,91,High
69,185,98,155,99,113,140,114,121,191,63,95,High
150,104,116,34,220,81,101,153,114,13,241,70,Medium
92,162,110,191,63,95,33,221,80,125,129,127,High
23,231,75,167,87,107,220,34,81,112,142,120,High
233,21,74,243,11,69,40,214,84,85,169,106,High
34,220,81,17,237,72,78,176,103,100,154,114,Medium
242,12,70,14,240,71,73,181,101,135,119,124,Medium
113,141,121,71,183,100,222,32,80,41,213,84,High
